<?xml version="1.0" encoding="UTF-8"?>
<!DOCTYPE mapper PUBLIC "-//mybatis.org//DTD Mapper 3.0//EN" "http://mybatis.org/dtd/mybatis-3-mapper.dtd">

<mapper namespace="com.xjj.demo.student.StudentDao">

    <resultMap type="com.xjj.demo.student.StudentEntity" id="StudentMap">
        <result property="id" column="id"/>
        <result property="name" column="name"/>
        <result property="schoolId" column="school_id"/>
    </resultMap>

    <select id="getSearchList" resultType="com.xjj.demo.student.StudentDTO">
        select
            st.*,
            sc.`name` AS schoolName
        from student as st
                 left join school as sc on st.school_id = sc.id
        <where>
            <trim>
                ${whereSql}
            </trim>
        </where>
        <trim>
            ${limitSql}
        </trim>
        <if test="limitSql != null or limitSql.trim() != ''">
            limit 10
        </if>
    </select>
</mapper>